{
  "messageFormats": {
    "description": "Exact JSON message formats for RabbitMQ communication between Person A and Person B",
    "exchange": "saga.exchange",
    
    "commandsFromPersonA": {
      "description": "Messages sent by Person A to Person B",
      
      "reserveInventory": {
        "queue": "inventory.request.queue",
        "routingKey": "inventory.reserve",
        "purpose": "Command to reserve inventory for an order",
        "schema": {
          "type": "object",
          "required": ["command", "sagaId", "orderId", "productId", "quantity"],
          "properties": {
            "command": {
              "type": "string",
              "enum": ["RESERVE_INVENTORY"],
              "description": "Command type"
            },
            "sagaId": {
              "type": "string",
              "description": "Unique ID for the saga instance"
            },
            "orderId": {
              "type": "string",
              "description": "Unique ID for the order"
            },
            "productId": {
              "type": "string",
              "description": "ID of the product to reserve"
            },
            "productName": {
              "type": "string",
              "description": "Name of the product (optional)"
            },
            "quantity": {
              "type": "integer",
              "minimum": 1,
              "description": "Number of items to reserve"
            },
            "unitPrice": {
              "type": "number",
              "minimum": 0,
              "description": "Price per unit (optional)"
            },
            "userId": {
              "type": "string",
              "description": "ID of the user placing order (optional)"
            },
            "timestamp": {
              "type": "string",
              "format": "date-time",
              "description": "When the command was created"
            }
          }
        },
        "example": {
          "command": "RESERVE_INVENTORY",
          "sagaId": "saga-2024-001-abc123",
          "orderId": "order-2024-001",
          "productId": "PROD-JAVA-101",
          "productName": "Java Programming Book",
          "quantity": 2,
          "unitPrice": 49.99,
          "userId": "user-student-456",
          "timestamp": "2024-01-15T10:30:00Z"
        }
      },
      
      "chargePayment": {
        "queue": "payment.request.queue",
        "routingKey": "payment.charge",
        "purpose": "Command to process payment for an order",
        "schema": {
          "type": "object",
          "required": ["command", "sagaId", "orderId", "amount"],
          "properties": {
            "command": {
              "type": "string",
              "enum": ["CHARGE_PAYMENT"],
              "description": "Command type"
            },
            "sagaId": {
              "type": "string",
              "description": "Unique ID for the saga instance"
            },
            "orderId": {
              "type": "string",
              "description": "Unique ID for the order"
            },
            "amount": {
              "type": "number",
              "minimum": 0,
              "description": "Total amount to charge"
            },
            "currency": {
              "type": "string",
              "default": "USD",
              "description": "Currency code"
            },
            "paymentMethod": {
              "type": "string",
              "enum": ["CREDIT_CARD", "DEBIT_CARD", "WALLET", "BANK_TRANSFER"],
              "description": "Payment method used"
            },
            "userId": {
              "type": "string",
              "description": "ID of the user making payment"
            },
            "userEmail": {
              "type": "string",
              "format": "email",
              "description": "User's email for receipt"
            },
            "timestamp": {
              "type": "string",
              "format": "date-time",
              "description": "When the command was created"
            }
          }
        },
        "example": {
          "command": "CHARGE_PAYMENT",
          "sagaId": "saga-2024-001-abc123",
          "orderId": "order-2024-001",
          "amount": 99.98,
          "currency": "USD",
          "paymentMethod": "CREDIT_CARD",
          "userId": "user-student-456",
          "userEmail": "student@university.edu",
          "timestamp": "2024-01-15T10:30:10Z"
        }
      }
    },
    
    "responsesFromPersonB": {
      "description": "Messages sent by Person B (me) back to Person A",
      
      "inventoryReserved": {
        "queue": "inventory.response.queue",
        "routingKey": "inventory.response",
        "purpose": "Successful inventory reservation response",
        "schema": {
          "type": "object",
          "required": ["event", "sagaId", "orderId", "status", "timestamp"],
          "properties": {
            "event": {
              "type": "string",
              "enum": ["INVENTORY_RESERVED"],
              "description": "Event type"
            },
            "sagaId": {
              "type": "string",
              "description": "Unique ID for the saga instance"
            },
            "orderId": {
              "type": "string",
              "description": "Unique ID for the order"
            },
            "reservationId": {
              "type": "string",
              "description": "Unique ID for the inventory reservation"
            },
            "productId": {
              "type": "string",
              "description": "ID of the reserved product"
            },
            "quantity": {
              "type": "integer",
              "minimum": 1,
              "description": "Number of items reserved"
            },
            "status": {
              "type": "string",
              "enum": ["SUCCESS"],
              "description": "Operation status"
            },
            "remainingStock": {
              "type": "integer",
              "minimum": 0,
              "description": "Stock remaining after reservation"
            },
            "timestamp": {
              "type": "string",
              "format": "date-time",
              "description": "When the event occurred"
            }
          }
        },
        "example": {
          "event": "INVENTORY_RESERVED",
          "sagaId": "saga-2024-001-abc123",
          "orderId": "order-2024-001",
          "reservationId": "RES-789-ABC-2024",
          "productId": "PROD-JAVA-101",
          "quantity": 2,
          "status": "SUCCESS",
          "remainingStock": 8,
          "timestamp": "2024-01-15T10:30:05Z"
        }
      },
      
      "inventoryReservationFailed": {
        "queue": "inventory.response.queue",
        "routingKey": "inventory.response",
        "purpose": "Failed inventory reservation response",
        "schema": {
          "type": "object",
          "required": ["event", "sagaId", "orderId", "status", "errorCode", "timestamp"],
          "properties": {
            "event": {
              "type": "string",
              "enum": ["INVENTORY_RESERVATION_FAILED"],
              "description": "Event type"
            },
            "sagaId": {
              "type": "string",
              "description": "Unique ID for the saga instance"
            },
            "orderId": {
              "type": "string",
              "description": "Unique ID for the order"
            },
            "status": {
              "type": "string",
              "enum": ["FAILED"],
              "description": "Operation status"
            },
            "errorCode": {
              "type": "string",
              "enum": ["INSUFFICIENT_STOCK", "PRODUCT_NOT_FOUND", "INVALID_QUANTITY", "SYSTEM_ERROR"],
              "description": "Error code indicating failure reason"
            },
            "errorMessage": {
              "type": "string",
              "description": "Human-readable error description"
            },
            "availableStock": {
              "type": "integer",
              "minimum": 0,
              "description": "Current available stock (if applicable)"
            },
            "timestamp": {
              "type": "string",
              "format": "date-time",
              "description": "When the event occurred"
            }
          }
        },
        "example": {
          "event": "INVENTORY_RESERVATION_FAILED",
          "sagaId": "saga-2024-001-abc123",
          "orderId": "order-2024-001",
          "status": "FAILED",
          "errorCode": "INSUFFICIENT_STOCK",
          "errorMessage": "Only 5 items available, requested 10",
          "availableStock": 5,
          "timestamp": "2024-01-15T10:30:05Z"
        }
      },
      
      "inventoryReleased": {
        "queue": "inventory.response.queue",
        "routingKey": "inventory.response",
        "purpose": "Compensation event - inventory released",
        "schema": {
          "type": "object",
          "required": ["event", "sagaId", "orderId", "status", "reason", "timestamp"],
          "properties": {
            "event": {
              "type": "string",
              "enum": ["INVENTORY_RELEASED"],
              "description": "Event type"
            },
            "sagaId": {
              "type": "string",
              "description": "Unique ID for the saga instance"
            },
            "orderId": {
              "type": "string",
              "description": "Unique ID for the order"
            },
            "reservationId": {
              "type": "string",
              "description": "ID of the reservation being released"
            },
            "status": {
              "type": "string",
              "enum": ["COMPENSATED"],
              "description": "Operation status"
            },
            "reason": {
              "type": "string",
              "description": "Reason for compensation"
            },
            "quantity": {
              "type": "integer",
              "minimum": 1,
              "description": "Number of items released"
            },
            "timestamp": {
              "type": "string",
              "format": "date-time",
              "description": "When the event occurred"
            }
          }
        },
        "example": {
          "event": "INVENTORY_RELEASED",
          "sagaId": "saga-2024-001-abc123",
          "orderId": "order-2024-001",
          "reservationId": "RES-789-ABC-2024",
          "status": "COMPENSATED",
          "reason": "Payment processing failed",
          "quantity": 2,
          "timestamp": "2024-01-15T10:31:00Z"
        }
      },
      
      "paymentCompleted": {
        "queue": "payment.response.queue",
        "routingKey": "payment.response",
        "purpose": "Successful payment processing response",
        "schema": {
          "type": "object",
          "required": ["event", "sagaId", "orderId", "status", "timestamp"],
          "properties": {
            "event": {
              "type": "string",
              "enum": ["PAYMENT_COMPLETED"],
              "description": "Event type"
            },
            "sagaId": {
              "type": "string",
              "description": "Unique ID for the saga instance"
            },
            "orderId": {
              "type": "string",
              "description": "Unique ID for the order"
            },
            "paymentId": {
              "type": "string",
              "description": "Unique ID for the payment transaction"
            },
            "transactionId": {
              "type": "string",
              "description": "Gateway transaction ID"
            },
            "amount": {
              "type": "number",
              "minimum": 0,
              "description": "Amount charged"
            },
            "status": {
              "type": "string",
              "enum": ["SUCCESS"],
              "description": "Operation status"
            },
            "timestamp": {
              "type": "string",
              "format": "date-time",
              "description": "When the event occurred"
            }
          }
        },
        "example": {
          "event": "PAYMENT_COMPLETED",
          "sagaId": "saga-2024-001-abc123",
          "orderId": "order-2024-001",
          "paymentId": "PAY-789-XYZ-2024",
          "transactionId": "TXN-123456789",
          "amount": 99.98,
          "status": "SUCCESS",
          "timestamp": "2024-01-15T10:30:15Z"
        }
      },
      
      "paymentFailed": {
        "queue": "payment.response.queue",
        "routingKey": "payment.response",
        "purpose": "Failed payment processing response",
        "schema": {
          "type": "object",
          "required": ["event", "sagaId", "orderId", "status", "errorCode", "timestamp"],
          "properties": {
            "event": {
              "type": "string",
              "enum": ["PAYMENT_FAILED"],
              "description": "Event type"
            },
            "sagaId": {
              "type": "string",
              "description": "Unique ID for the saga instance"
            },
            "orderId": {
              "type": "string",
              "description": "Unique ID for the order"
            },
            "status": {
              "type": "string",
              "enum": ["FAILED"],
              "description": "Operation status"
            },
            "errorCode": {
              "type": "string",
              "enum": ["INSUFFICIENT_FUNDS", "CARD_DECLINED", "PAYMENT_GATEWAY_ERROR", "NETWORK_ERROR", "TIMEOUT"],
              "description": "Error code indicating failure reason"
            },
            "errorMessage": {
              "type": "string",
              "description": "Human-readable error description"
            },
            "amount": {
              "type": "number",
              "minimum": 0,
              "description": "Amount that failed to charge"
            },
            "timestamp": {
              "type": "string",
              "format": "date-time",
              "description": "When the event occurred"
            }
          }
        },
        "example": {
          "event": "PAYMENT_FAILED",
          "sagaId": "saga-2024-001-abc123",
          "orderId": "order-2024-001",
          "status": "FAILED",
          "errorCode": "INSUFFICIENT_FUNDS",
          "errorMessage": "Payment declined: insufficient funds",
          "amount": 99.98,
          "timestamp": "2024-01-15T10:30:15Z"
        }
      },
      
      "paymentRefunded": {
        "queue": "payment.response.queue",
        "routingKey": "payment.response",
        "purpose": "Compensation event - payment refunded",
        "schema": {
          "type": "object",
          "required": ["event", "sagaId", "orderId", "status", "reason", "timestamp"],
          "properties": {
            "event": {
              "type": "string",
              "enum": ["PAYMENT_REFUNDED"],
              "description": "Event type"
            },
            "sagaId": {
              "type": "string",
              "description": "Unique ID for the saga instance"
            },
            "orderId": {
              "type": "string",
              "description": "Unique ID for the order"
            },
            "paymentId": {
              "type": "string",
              "description": "ID of the payment being refunded"
            },
            "refundId": {
              "type": "string",
              "description": "Unique ID for the refund transaction"
            },
            "status": {
              "type": "string",
              "enum": ["COMPENSATED"],
              "description": "Operation status"
            },
            "reason": {
              "type": "string",
              "description": "Reason for compensation"
            },
            "amount": {
              "type": "number",
              "minimum": 0,
              "description": "Amount refunded"
            },
            "timestamp": {
              "type": "string",
              "format": "date-time",
              "description": "When the event occurred"
            }
          }
        },
        "example": {
          "event": "PAYMENT_REFUNDED",
          "sagaId": "saga-2024-001-abc123",
          "orderId": "order-2024-001",
          "paymentId": "PAY-789-XYZ-2024",
          "refundId": "REF-123-2024",
          "status": "COMPENSATED",
          "reason": "Order cancellation due to system error",
          "amount": 99.98,
          "timestamp": "2024-01-15T10:31:05Z"
        }
      }
    },
    
    "compensationCommands": {
      "description": "Commands for explicit compensation (if Person A sends compensation commands)",
      
      "releaseInventoryCompensation": {
        "queue": "inventory.request.queue",
        "routingKey": "inventory.reserve",
        "purpose": "Explicit command to release inventory (compensation)",
        "example": {
          "command": "RELEASE_INVENTORY",
          "sagaId": "saga-2024-001-abc123",
          "orderId": "order-2024-001",
          "productId": "PROD-JAVA-101",
          "quantity": 2,
          "reason": "Saga compensation triggered",
          "timestamp": "2024-01-15T10:31:00Z"
        }
      },
      
      "refundPaymentCompensation": {
        "queue": "payment.request.queue",
        "routingKey": "payment.charge",
        "purpose": "Explicit command to refund payment (compensation)",
        "example": {
          "command": "REFUND_PAYMENT",
          "sagaId": "saga-2024-001-abc123",
          "orderId": "order-2024-001",
          "paymentId": "PAY-789-XYZ-2024",
          "amount": 99.98,
          "reason": "Saga compensation triggered",
          "timestamp": "2024-01-15T10:31:05Z"
        }
      }
    }
  },
  
  "integrationNotes": {
    "messageFlow": [
      "1. Person A publishes ReserveInventoryCommand to 'saga.exchange' with routing key 'inventory.reserve'",
      "2. Message routes to 'inventory.request.queue' (which I listen to)",
      "3. I process the command and publish InventoryReservedEvent to 'saga.exchange' with routing key 'inventory.response'",
      "4. Message routes to 'inventory.response.queue' (which Person A listens to)",
      "5. Similar flow for payment commands/events"
    ],
    
    "idempotency": "All messages include sagaId and orderId for idempotent processing",
    
    "timestampFormat": "ISO 8601 format: YYYY-MM-DDThh:mm:ssZ",
    
    "errorHandling": [
      "Timeout: If no response within 30 seconds, consider failed",
      "Retry: Up to 3 retries for transient errors",
      "Circuit Breaker: Implemented in PaymentService to prevent cascade failures"
    ],
    
    "statusWorkflow": {
      "inventory": ["PENDING", "RESERVED", "RELEASED", "COMPENSATED", "FAILED"],
      "payment": ["PENDING", "COMPLETED", "REFUNDED", "FAILED"],
      "order": ["PENDING", "COMPLETED", "CANCELLED", "FAILED"],
      "saga": ["CREATED", "INVENTORY_RESERVED", "PAYMENT_COMPLETED", "ORDER_COMPLETED", "CANCELLED"]
    }
  }
}